id,name,desc,str1,str2,str3,str4,str5,str6,str7,str8,str9,str10,str11,str12,str13,str14,str15,str16
100200292,Thoroughbred Elf,"During your Main Phase: You can send 1 Equip Spell from your Deck to the GY, then this card gains 500 ATK until the end of your opponent's turn. You can only use this effect of ""Thoroughbred Elf"" once per turn. When this card destroys an opponent's monster by battle: You can add to your hand, or Special Summon, 1 Level 4 or lower LIGHT Spellcaster monster from your Deck, except ""Thoroughbred Elf"".",Send to the GY,Deck manipulation,,,,,,,,,,,,,,
100200293,Assault Lion,"You can Tribute Summon this card face-up by Tributing 1 Beast-Warrior monster. If this card battles a monster, any battle damage it inflicts to your opponent is doubled. If a Beast-Warrior monster(s) is Normal or Special Summoned to your field while this card is in your GY: You can add this card to your hand, then immediately after this effect resolves, you can Tribute Summon this card face-up, and if you do, it gains 500 ATK, also banish it when it leaves the field. You can only use this effect of ""Assault Lion"" once per turn.",Tribute Summon using 1 Beast-Warrior monster,Add to hand,Tribute Summon?,,,,,,,,,,,,,
100200294,Power Connection,"Target any number of face-up monsters you control (if you target 2 or more monsters, they must have the same Type); they gain 500 ATK for each monster targeted, until the end of this turn. If you activated ""Armament Reincarnation"" this turn: You can add this card from your GY to your hand. You can only use each effect of ""Power Connection"" once per turn.",Activate,Recycle,,,,,,,,,,,,,,
100200295,Evil Lord - Zorc,"You can discard 2 cards, including this card; add 1 Level 8 Fiend monster from your Deck to your hand. When your Fiend monster is destroyed by battle: You can Special Summon this card from your GY. During your Main Phase: You can roll a six-sided die and apply this effect based on the result.
● 1, 2, 3, or 4: Take control of, or destroy, 1 monster your opponent controls.
● 5 or 6: Destroy 1 card you control.
You can only use each effect of ""Evil Lord - Zorc"" once per turn.",Search effect,Special Summon,Dice effect,Take control?,,,,,,,,,,,,
100260001,Clown Crew Cappello,"Pendulum Scale = 7
[ Pendulum Effect ]
During your Main Phase: You can send 1 ""Clown Crew"" card from your Deck to your GY, except a Pendulum Monster, and if you do, Special Summon this card, also you cannot activate the effects of monsters Special Summoned from the Deck or Extra Deck until the end of the next turn. You can only use this effect of ""Clown Crew Cappello"" once per turn.
----------------------------------------
[ Monster Effect ]
Monsters your opponent controls lose 1500 DEF while you control a Tribute Summoned monster. If this card is Tributed: You can activate 1 of these effects (but you can only use each of these effects of ""Clown Crew Cappello"" once per turn);
● Shuffle all Pendulum Monsters on the field and face-up in the Extra Decks into the Deck.
● Special Summon 1 non-Pendulum ""Clown Crew"" monster from your Deck or Extra Deck, ignoring its Summoning conditions.",Special Summon,Choose an effect,Return to the Deck,Special Summon,,,,,,,,,,,,
100262101,The Magical King of Dimension Zeta,"An observer from an empty world. They survey everything in the universe through every distortion in space and time. Take care. If you gaze long into your dreams, Zeta also gazes into you.",,,,,,,,,,,,,,,,
100263001,Dark Tyranno,"Can attack directly if all monsters your opponent controls are in Defense Position. You can only use each of the following effects of ""Dark Tyranno"" once per turn. During your Main Phase, if a Spell Card or effect was activated this turn: You can Special Summon this card from your hand. If this card is sent to the GY: You can add 1 Level 8 or higher Dinosaur monster from your Deck to your hand, then you can Special Summon it if your opponent controls a monster.",Special Summon,Add to hand,Special Summon?,,,,,,,,,,,,,
100263002,Arcana Force XII - The Hangman,"When a card or effect is activated (Quick Effect): You can reveal this card in your hand; Special Summon 1 ""Arcana Force"" monster from your hand in Defense Position. You can only use this effect of ""Arcana Force XII - The Hangman"" once per turn. If this card is Summoned: Toss a coin.
● Heads: Destroy 1 monster you control, and if you do, take damage equal to its original ATK.
● Tails: Destroy 1 monster your opponent controls, and if you do, inflict damage to your opponent equal to its original ATK.",Special Summon,Coin Toss effect,,,,,,,,,,,,,,
100263003,"Candelato, the Beast of Light","(This card is always treated as a ""Phantom Beast"" card.)
Gains 1000 ATK/DEF for each card in your hand. You can only use each of the following effects of ""Candelato, the Beast of Light"" once per turn. You can discard 2 other cards; Special Summon this card from your hand, then you can add 1 card from your Deck to your hand that has a coin tossing effect. When a card or effect is activated that includes an effect that adds a card(s) from the Deck to the hand (Quick Effect): You can negate that effect.",Special Summon,Negate,Add to hand?,,,,,,,,,,,,,
100263004,Plasma Warrior Eitom,"(This card is always treated as a ""Magna Warrior"" card.)
Cannot be Normal Summoned/Set. Must be Special Summoned (from your hand or GY) by Tributing 1 Level 7 or higher monster. You can only Special Summon ""Plasma Warrior Eitom"" once per turn this way. Once per turn: You can send 1 ""Magnet Warrior"" or ""Magna Warrior"" monster from your Deck to the GY, except ""Plasma Warrior Eitom""; for the rest of this turn, this card's original ATK becomes 1500, also it can attack directly.",,Direct attack,,,,,,,,,,,,,,
100263005,White Knight Lord,"You can banish 3 monsters from your GY; Special Summon this card from your hand, then you can apply 1 of these effects.
● Special Summon 1 ""White Knight"" or ""White Night"" monster from your hand or Deck.
● Add 1 ""White Veil"" from your Deck to your hand.
You can only use this effect of ""White Knight Lord"" once per turn. When an attack is declared involving this card and an opponent's monster: Change that opponent's monster's ATK to 0. If this card in its owner's possession is destroyed by an opponent's card: Inflict 1000 damage to your opponent.",Special Summon,ATK becomes 0,Inflict damage,Do not resolve the effect,Special Summon,Add to hand,,,,,,,,,,
100263006,Invincible Demise Lord,"During the End Phase, if a monster(s) was destroyed by battle this turn: You can Special Summon this card from your hand or GY, and if ""Invincible Demise Lord"" was destroyed by battle this turn, this card's original ATK becomes 3000, also it cannot be destroyed by card effects. During your Main Phase: You can reveal cards in your Deck, including ""Slash Draw"", equal to the number of cards your opponent controls +1 and place those revealed cards on top of the Deck in any order. You can only use each effect of ""Invincible Demise Lord"" once per turn.",Special Summon,Place on top of the Deck,Select a card to place on top of the Deck.,,,,,,,,,,,,,
100263007,Elemental HERO Clay Guardian,"1 ""Elemental HERO"" monster + 1 Warrior monster
(This card is not treated as a ""Guardian"" card.)
If this card is Special Summoned: You can Special Summon 1 ""Elemental HERO"" monster from your Deck, then if your opponent controls a card, you can inflict 400 damage to your opponent for each, also you cannot Special Summon from the Extra Deck for the rest of this turn, except ""HERO"" monsters. You can only use this effect of ""Elemental HERO Clay Guardian"" once per turn. Other ""Elemental HERO"" monsters you control cannot be destroyed by battle or card effects.",Special Summon,Inflict damage?,,,,,,,,,,,,,,
100263008,Doll Hammer,"Target 1 monster you control; destroy it, and if you do, draw 2 cards, then you can change the battle position of 1 monster your opponent controls. If a monster(s) is Special Summoned from your GY while this card is in your GY (except during the Damage Step): You can add this card to your hand. You can only use each effect of ""Doll Hammer"" once per turn.",Activate,Recycle,Change battle position?,,,,,,,,,,,,,
100263009,Quick Summon,"Immediately after this effect resolves, Normal Summon/Set 1 monster. When you do, if your opponent controls a monster, you can Normal Summon a Level 5 or higher monster without Tributing. During your Main Phase, if this card is in your GY, except the turn it was sent there: You can banish it; add 1 Level 5 or higher monster that can be Normal Summoned/Set from your Deck or GY to your hand, then immediately after this effect resolves, Tribute Summon it. You can only use this effect of ""Quick Summon"" once per turn.",Activate,Add to hand,"Apply the effect of ""Quick Summon"" to Summon without Tributing?",,,,,,,,,,,,,
100263010,D - Burst,"Target 1 face-up Spell you control; destroy it, and if you do, draw 1 card, then if you control a ""Destiny HERO"" monster, you can Special Summon 1 ""Destiny HERO"" monster from your hand, GY, or banishment. At the end of the Damage Step, if a monster equipped with an Equip Card, or ""Destiny HERO - Dogma"", attacked: You can banish this card from your GY; that monster can make a second attack in a row. You can only activate 1 ""D - Burst"" per turn.",Draw,Make another attack,Special Summon?,,,,,,,,,,,,,
100265002,Witchcrafter Seed,"If this card is Normal or Special Summoned and you control a ""Witchcrafter"" monster other than ""Witchcrafter Seed"", or ""Regulus, the Prince of Endymion"": You can target 1 face-up card on the field; return it to the hand. You can banish this card from your GY; reveal any number of cards in your hand, including a Spell, and shuffle them into the Deck, then draw that many cards. You can only use each effect of ""Witchcrafter Seed"" once per turn.",Return to the hand,Draw,,,,,,,,,,,,,,
100266001,Ancient Secrets,"Special Summon 1 Normal Monster from your hand, Deck, or GY in Defense Position (if you Special Summon from the Deck, it must be Level 4 or lower), or if you control a Normal Monster Card, you can apply 1 of these effects instead.
● Destroy all monsters your opponent controls.
● Destroy all Spells/Traps your opponent controls.
● Draw 2 cards.
● Special Summon 1 monster from either GY to your field.
You can only activate 1 ""Ancient Secrets"" per turn.",Activate,Apply another effect?,Destroy a monster,Destroy Spell/Trap Card(s),Draw,Special Summon,,,,,,,,,,
100266002,Mind Mirror Force,"If your opponent controls 5 or more face-up cards, this card's activation and effect cannot be negated, also you can activate this card the turn it was Set. At any of the following timings: Negate the effects of as many face-up cards your opponent controls as possible, and if you do, destroy them, also your monsters cannot attack directly until the end of the next turn after this card resolves.
● When the monster your opponent controls with the highest ATK (even if tied) declares an attack.
● When your opponent activates a monster effect that would destroy a card(s) on the field.
● When your opponent activates a monster effect in the hand or field during your turn.",Activate,"Activate by applying the effect of ""Mind Mirror Force"".",,,,,,,,,,,,,,
100266003,Emissaries from Darkness,"If you take battle or effect damage: You can Special Summon this card from your hand, and if you do, gain 2000 LP, then you can apply 1 of these effects.
● Special Summon 1 ""Emissaries from Darkness"" from your hand, Deck, or GY.
● Destroy up to 2 Attack Position monsters your opponent controls.
During the End Phase, if this card was Special Summoned this turn: You can target 1 Trap in your GY; Set it. You can only use each effect of ""Emissaries from Darkness"" once per turn.",Special Summon,Set a Trap,Special Summon,Destruction effect,Do nothing,,,,,,,,,,,
100266004,Dark Armed Dragon Punisher,"Cannot be Normal Summoned/Set. Must be Special Summoned (from your hand) by having exactly 3 DARK monsters in your GY. You can reveal this card in your hand; Special Summon 1 Level 6 or lower DARK monster from your hand, also you cannot Special Summon for the rest of this turn, except DARK monsters. During the Main Phase (Quick Effect): You can banish up to 3 DARK monsters from your GY, then target that many cards on the field; destroy them. You can only use each effect of ""Dark Armed Dragon Punisher"" once per turn.",Special Summon,Destroy,,,,,,,,,,,,,,
100266005,"Ekhajar, Descendant Dragon of the Ice Barrier","1 Tuner + 1+ non-Tuners
If this card is Synchro Summoned: You can discard 1 card; banish 2 cards from your opponent's field and/or GY. If your opponent Special Summons a monster(s): You can banish 1 card from your hand; return 1 card in either field or GY to the hand. If this Synchro Summoned card is sent to the GY during your opponent's turn: You can banish 1 card from your opponent's hand (at random), field, or GY. You can only use each effect of ""Ekhajar, Descendant Dragon of the Ice Barrier"" once per turn.",Banish from the field/GY,Return to the hand,Banish from the hand/field/GY,Banish a card from your hand?,,,,,,,,,,,,
100266006,Number 101: Silent Honor ARK - Soul Asylum,"2 Level 4 monsters
You can detach 1 material from this card, then activate 1 of these effects;
● Choose 1 Level 4 monster in your GY, except the detached material, and add 1 Level 4 monster with the same Type and Attribute, but a different name, from your Deck to your hand.
● Target 1 monster your opponent controls; attach it to this card.
You can only use this effect of ""Number 101: Silent Honor ARK - Soul Asylum"" once per turn. If this card would be destroyed, you can detach 1 material from this card instead.",Activate,Add to hand,As Xyz Material,,,,,,,,,,,,,
100267001,Sennet Prophet - Nefertari,"If this card is Normal or Special Summoned: You can send it to the GY; show up to 2 Normal Monster Cards from your hand, Deck, face-up field, and/or GY, then Set that many ""Sennet"" Spells from your Deck. During your opponent's turn (Quick Effect): You can banish this card from your GY; equip 1 Normal Monster from your GY to 1 Ritual Monster you control as an Equip Spell. You can only use each effect of ""Sennet Prophet - Nefertari"" once per turn.",Set,Status,,,,,,,,,,,,,,
100267002,Sennet Prophet - Amenhotep,"If this card is Normal or Special Summoned: You can send it to the GY; show up to 2 Normal Monster Cards from your hand, Deck, face-up field, and/or GY, then Set that many ""Sennet"" Traps from your Deck. You can banish this card from your GY, then target up to 3 Normal Monsters in your GY; shuffle them into the Deck. You can only use each effect of ""Sennet Prophet - Amenhotep"" once per turn.",Set,Recycle,,,,,,,,,,,,,,
100267003,Sennetnakht Sphinx,"You can Ritual Summon this card with any ""Sennet"" card. This card equipped with an Equip Card is unaffected by your opponent's activated effects. You can only use each of the following effects of ""Sennetnakht Sphinx"" once per turn. You can discard this card; add 1 ""Sennet"" card from your Deck to your hand, except ""Sennetnakht Sphinx"". (Quick Effect): You can send 1 face-up Normal Monster Card you control to the GY; change as many monsters your opponent controls as possible to face-down Defense Position, then you can Special Summon 1 Normal Monster from your GY.",Add to hand,Change to face-down Defense Position,Special Summon?,,,,,,,,,,,,,
100267004,Tausennet Wadjet,"You can Ritual Summon this card with any ""Sennet"" card. This card equipped with an Equip Card cannot be destroyed by card effects. You can only use each of the following effects of ""Tausennet Wadjet"" once per turn. You can discard this card; send 1 ""Sennet"" card from your Deck to the GY, except ""Tausennet Wadjet"". (Quick Effect): You can send up to 3 face-up Normal Monster Cards you control to the GY, then target that many cards your opponent controls; return them to the hand, then you can Special Summon 1 Normal Monster from your GY.",Send to the GY,Return to the hand,Special Summon?,,,,,,,,,,,,,
100267005,Sennetmes Nekhbet,"You can Ritual Summon this card with any ""Sennet"" card. This card equipped with an Equip Card cannot be destroyed by battle. You can only use each of the following effects of ""Sennetmes Nekhbet"" once per turn. You can discard this card; add 1 ""Sennet"" card from your GY to your hand, except ""Sennetmes Nekhbet"". (Quick Effect): You can Special Summon 1 face-up Normal Monster Card from your Spell & Trap Zone, and if you do, equip this card you control to it as an Equip Spell that gives it 2500 ATK.",Recycle,Special Summon,Special Summon?,,,,,,,,,,,,,
100267006,Beresennet Em Heru,"Once per turn: You can Ritual Summon 1 ""Sennet"" Ritual Monster from your hand or GY, by sending Normal Monster Cards with different names from each other from your hand, Deck, and/or face-up field to the GY whose total Levels equal or exceed its Level, then you can equip 1 Normal Monster from your GY to it as an Equip Spell. If you Special Summon a non-Token Normal Monster(s): You can draw 1 card. You can only use this effect of ""Beresennet Em Heru"" once per turn.",Ritual Summon,Draw,Equip?,,,,,,,,,,,,,
100267007,Sennet Per Akh,"Add 1 ""Sennet"" monster from your Deck to your hand. If you discard a ""Sennet"" Ritual Monster(s) while this card is in your GY: You can banish this card; Special Summon 1 non-Effect Fusion Monster from your Extra Deck with ATK less than or equal to any of the discarded monsters' as a Normal Monster Card, but for the rest of this turn, it cannot attack directly, also you cannot activate non-Zombie monster effects. You can only use each effect of ""Sennet Per Akh"" once per turn.",Add to hand,Special Summon,Treat as a Normal Monster Card,,,,,,,,,,,,,
100267009,Am Duasennet,"Ritual Summon 1 ""Sennet"" Ritual Monster from your hand or GY, by sending Normal Monster Cards with different names from each other from your hand, Deck, and/or face-up field to the GY whose total Levels equal or exceed its Level, then you can equip 1 Normal Monster from your GY to it as an Equip Spell. If a Normal Monster Card(s) you control would be destroyed by battle or card effect, you can banish this card from your GY instead. You can only activate 1 ""Am Duasennet"" per turn.",Ritual Summon,,Equip?,,,,,,,,,,,,,
100267010,Sennet Cataract,"Choose opponent's Main Monster Zones equal to the number of Normal Monsters and ""Sennet"" Ritual Monsters you control; negate the first monster effect activated in each of those zones that resolves this turn. If the total ATK of all Normal Monster Cards you control is more than 3000: You can banish this card from your GY, then target 1 monster your opponent controls; send it to the GY. You can only use each effect of ""Sennet Cataract"" once per turn.",Select a zone,Send to the GY,Continue selecting?,,,,,,,,,,,,,
100267011,Sennet Thunderfall,"When your opponent activates a Spell/Trap Card while you control a Normal Monster or ""Sennet"" Ritual Monster: Negate the activation, and if you do, destroy that card. If the total ATK of all Normal Monster Cards you control is more than 3000: You can banish this card from your GY; Set 1 ""Sennet"" Spell/Trap from your Deck or GY, except ""Sennet Thunderfall"". You can only use each effect of ""Sennet Thunderfall"" once per turn.",Negate the activation and destroy,Set,,,,,,,,,,,,,,
100268201,Dark Paladin - Wave-Motion,"""Dark Magician"" + 1 Level 7 or higher monster
Must be Fusion Summoned. Gains 500 ATK for every other monster on the field. Can attack all your opponent's monsters, once each. Once per turn, when your opponent activates a Spell Card or effect (Quick Effect): You can negate that effect, then you can destroy 1 card on the field. After this card destroys a card by battle or card effect and sends it to the GY, neither player can activate its effects while it is in the GY.",Negate the effect,Destroy the card?,The effect of {CARD} is currently being applied.,,,,,,,,,,,,,
100269038,Odd-Eyes Override Dragon,"2+ monsters, including a Pendulum Monster
You can target 1 other card you control; destroy it, and if you do, draw 1 card. During your turn, when your opponent activates a card or effect (Quick Effect): You can discard 1 card; negate that effect. You can only use each of the preceding effects of ""Odd-Eyes Override Dragon"" once per turn. If you destroyed a Pendulum Monster Card by this card's first effect, during your Main Phase this turn, you can conduct 1 Pendulum Summon of a ""Performapal"" monster(s), ""Magician"" Pendulum Monster(s), and/or ""Odd-Eyes"" monster(s), in addition to your Pendulum Summon (you can only gain this effect once per turn).",Destroy,Negate the effect,Pendulum Summon using the effect of {CARD},,,,,,,,,,,,,
100269113,Lunalight Scarlet Tiger,"If you activate a ""Lunalight"" monster's effect (except during the Damage Step): You can Special Summon this card from your hand, then if you activated this effect during the turn your opponent activated a card or effect, you can add 1 ""Polymerization"" from your Deck or GY to your hand. If this card is sent to the GY by card effect: You can Special Summon 1 ""Lunalight"" monster from your face-up Extra Deck or GY, except a Level 5 monster, but it cannot activate its effects. You can only use each effect of ""Lunalight Scarlet Tiger"" once per turn.",Special Summon,Special Summon,Add {CARD} to your hand?,Special Summoned by the effect of {CARD},,,,,,,,,,,,
100269215,Speedroid Darumaknocker,"If this card is in your hand: You can send 1 ""Speedroid"" card from your Deck to the GY, except ""Speedroid Darumaknocker""; Special Summon this card, also you cannot Special Summon for the rest of this turn, except WIND monsters. If this card is sent from the field to the GY: You can add 1 ""Speedroid"" Spell/Trap from your Deck to your hand, then if you control a ""Clear Wing"" monster, you can destroy 1 monster on the field. You can only use each effect of ""Speedroid Darumaknocker"" once per turm",Special Summon,Add to hand,Destroy that monster?,,,,,,,,,,,,,
101305081,Witness of the Ancient,"If you have a Synchro Monster in your field or GY: You can Special Summon this card from your hand. If this card is Special Summoned: You can place up to 3 Synchro Monsters with different names from your Extra Deck and/or GY in your Spell & Trap Zone as face-up Continuous Spells, and Special Summon 1 ""Arc Token"" (Machine/LIGHT/ATK 0/DEF 0) with a Level equal to the number placed, also for the rest of this turn, you cannot Special Summon from the Extra Deck, except Synchro Monsters. You can only use each effect of ""Witness of the Ancient"" once per turn.",Special Summon,Place a monster,,,,,,,,,,,,,,
101305082,Distrust Paranoia,"Take control of all your opponent's monsters in this card's column. If this Set card in its owner's control has left the field by an opponent's effect, and is now in the GY or banished: You can Special Summon this card as an Effect Monster (Fiend/DARK/Level 10/ATK 4000/DEF 4000) with the following effect (this card is NOT treated as a Trap).
● Unaffected by your opponent's card effects activated in the same column.
You can only activate 1 ""Distrust Paranoia"" per turn.",Take control,Special Summon,,,,,,,,,,,,,,
101305083,Yomagna the Fire Phantom,"Cannot be Normal Summoned/Set. Must first be Special Summoned (from your hand) by shuffling 3 cards of the same type (Monster, Spell, or Trap) from your GY into the Deck/Extra Deck. If this card is Special Summoned: You can declare 1 Monster Type; this card becomes that Type until the end of this turn. During your Main Phase: You can Fusion Summon 1 Fusion Monster from your Extra Deck using monsters on either field, including this card. You can only use each effect of ""Yomagna the Fire Phantom"" once per turn.",Special Summon,Change Type,Fusion effect,,,,,,,,,,,,,
101305084,Thundercrash Snarecrow,"Each time a non-Thunder monster(s) is Special Summoned face-up, while this card is in the Monster Zone: That monster(s) cannot attack this turn, also destroy it during the End Phase. If this card is in your GY: You can target 1 face-up card you control; destroy it, and if you do, add this card to your hand. You can only use this effect of ""Thundercrash Snarecrow"" once per turn.",Attack restriction,Recycle,"The effect of ""Thundercrash Snarecrow"" is currently being applied.",,,,,,,,,,,,,
101305085,Mixousia the Confounder,"1 Spellcaster monster + 1 non-Spellcaster monster
You can target 1 face-up monster on the field and declare 1 Attribute; it becomes that Attribute. During your opponent's Main Phase (Quick Effect): You can Fusion Summon 1 Fusion Monster from your Extra Deck, by banishing this card you control and monsters from your field or GY as material. If this card is in your GY: You can declare 1 Attribute; this card in the GY becomes that Attribute until the end of this turn. You can only use each effect of ""Mixousia the Confounder"" once per turn.",Change Attribute,Fusion Summon,Change Attribute,,,,,,,,,,,,,
101305086,Shamanite Shamanknight,"2+ Level 3 monsters
If this card is Xyz Summoned, or if a Trap you own is banished: You can target 1 of your banished Traps; attach it to this card. You can detach any number of materials from this card, then target 1 DARK monster in your GY or banishment with a Level equal to the number detached; Special Summon it. You can only use each effect of ""Shamanite Shamanknight"" once per turn.",Attach Xyz material,Special Summon,Select the number of Xyz Materials to detach,,,,,,,,,,,,,
101305087,"Cerynemesia, Mystical Beast of the Forest","If this card is Normal or Special Summoned: You can banish (face-up) 1 Beast monster from your hand or face-up field until the End Phase; Special Summon 1 EARTH Beast monster from your Deck or GY, with an equal or lower Level than that monster's original Level, then your opponent can Special Summon 1 monster from their hand. You can only use this effect of ""Cerynemesia, Mystical Beast of the Forest"" once per turn. Your opponent's monsters that can attack must attack the monster you control with the highest ATK (their choice, if tied).",Special Summon,Special Summon?,Banish until the End Phase,,,,,,,,,,,,,
101305088,Imposter Shift,"When a monster effect that was activated on your opponent's field by targeting a card(s) on the field resolves, if any of those targets are in a different column than that opponent's monster, they can banish 1 card from their GY. If they did not, negate the activated effect. You can banish 1 monster from your GY; Special Summon 1 ""Imposter Token"" (Psychic/EARTH/ATK 800/DEF 800) with the same Level as that monster. You can only use this effect of ""Imposter Shift"" once per turn.",,Special Summon,Banish a card? (Imposter Shift),,,,,,,,,,,,,
101305089,Mortilux Heruvur,"2+ Level 8 monsters
If a monster(s) is sent to your opponent's GY (except during the Damage Step): You can target 1 of them; attach it to this card. You can only use this effect of ""Mortilux Heruvur"" once per turn. This card gains effects based on the number of materials attached to it.
● 2+: Cannot be destroyed by battle or card effects.
● 3+: Your opponent cannot target cards in the GYs with card effects.
● 4+: You can detach 3 materials from this card; send 1 monster on the field to the GY.",Attach Xyz material,Send to the GY,,,,,,,,,,,,,,
101305090,Angelechy Shatranga,"1 Tuner + 1+ non-Tuners
You can target 1 monster your opponent controls; banish it. If this card is placed in the Spell & Trap Zone as a Continuous Spell: You can add 1 ""Angelechy"" Trap from your Deck or GY to your hand. You can only use each of the preceding effects of ""Angelechy Shatranga"" once per turn. While this card is treated as a Continuous Spell, your opponent can only attempt to activate up to 5 monster effects per turn.",Banish effect,Search effect,,,,,,,,,,,,,,
101305091,Angelechy Bastion,"1 Tuner + 1+ non-Tuners
You can target 1 other card in this card's column; banish it. If this card is placed in the Spell & Trap Zone as a Continuous Spell: You can place 1 ""Angelechy Shatranga"" from your Extra Deck in your Spell & Trap Zone as a face-up Continuous Spell. You can only use each of the preceding effects of ""Angelechy Bastion"" once per turn. While this card is treated as a Continuous Spell, other ""Angelechy"" cards on the field cannot be destroyed by your opponent's card effects.",Banish effect,Placement effect,,,,,,,,,,,,,,
101305092,Angelechy Destrier,"1 Tuner + 1+ non-Tuners
You can target 1 monster in another column; banish it. If this card is placed in the Spell & Trap Zone as a Continuous Spell: You can add 1 ""Angelechy"" Spell from your Deck to your hand. You can only use each of the preceding effects of ""Angelechy Destrier"" once per turn. While this card is treated as a Continuous Spell, each time your opponent activates a card or effect, inflict 500 damage to your opponent when it resolves.",Banish effect,Search effect,,,,,,,,,,,,,,
101305093,Angelechy Enlisted,"1 Tuner + 1 non-Tuner
You can target 1 opponent's monster in this card's adjacent column; banish it, then change control of this card by moving it to one of your opponent's Main Monster Zones in this card's adjacent columns. If the control of this face-up card changes: Return this card to the Extra Deck, then the owner of this card Special Summons 1 ""Angelechy"" monster from their Extra Deck. You can only use each effect of ""Angelechy Enlisted"" once per turn.",Banish effect,Special Summon,,,,,,,,,,,,,,
101305094,Angelechy Problem,"Once per turn: You can discard 1 Spell/Trap; Special Summon 1 Level 2 ""Angelechy"" monster from your Extra Deck, and if you do, place 1 ""Angelechy"" monster from your Extra Deck to your Spell & Trap Zone as a face-up Continuous Spell. If a face-up ""Angelechy"" Monster Card(s) you control is destroyed by battle or card effect: You can return 1 ""Angelechy"" Monster Card you own from your Spell & Trap Zone to the Extra Deck, then you can Special Summon it.",Special Summon,Return to the Extra Deck,Special Summon?,,,,,,,,,,,,,
101305095,Angelechy Disturbance,"Give control of 1 ""Angelechy"" monster you control to your opponent (until the End Phase), then if your opponent controls a face-up card(s) in its adjacent Monster Zones and/or Spell & Trap Zones, their effects are negated. You can banish this card from your GY; add 1 ""Angelechy"" Spell/Trap from your Deck to your hand, except ""Angelechy Disturbance"". You can only use each effect of ""Angelechy Disturbance"" once per turn.",Transfer control,Search effect,,,,,,,,,,,,,,
101305096,Angelechy Opening to e4,"If your opponent goes first, you can also activate this card from your hand during the Standby Phase of their first turn. Place 1 ""Angelechy"" Field Spell from your hand, Deck, or GY, face-up on your field, and if you do, Special Summon 1 Level 2 or 7 ""Angelechy"" monster from your Extra Deck to the Extra Monster Zone, and if you do that, place 1 ""Angelechy"" monster from your Extra Deck in your Spell & Trap Zone as a face-up Continuous Spell. Until the end of your next turn after this card resolves, you cannot Special Summon from the Extra Deck, except Synchro Monsters.",Activate,"Activate by applying the effect of ""Angelechy Opening to e4"".","The effect of ""Angelechy Opening to e4"" is currently being applied.",,,,,,,,,,,,,
101305181,Arc Token,"Special Summoned by the effect of ""Witness of the Ancient"".",,,,,,,,,,,,,,,,
101305188,Imposter Token,"Special Summoned by the effect of ""Imposter Shift"".",,,,,,,,,,,,,,,,
101306001,Swiftwind Panther Warrior,"During the Main Phase (Quick Effect): You can Tribute 1 other monster from your hand or field, then activate 1 of these effects;
● Special Summon 1 monster that mentions ""Dark Time Wizard"" from your hand or Deck, except ""Swiftwind Panther Warrior"".
● Send 1 Spell/Trap that mentions ""Dark Time Wizard"" from your Deck to the GY.
You can only use this effect of ""Swiftwind Panther Warrior"" once per turn. Cannot declare an attack unless a monster(s) was Tributed this turn.",Activate the effect,,Special Summon,Send to the GY,,,,,,,,,,,,
101306002,Alligator's Dragon Knight,"Can attack directly. You can only use each of the following effects of ""Alligator's Dragon Knight"" once per turn. If this card is in your hand: You can reveal 1 other card in your hand that mentions ""Dark Time Wizard""; Special Summon this card. If this card is Normal or Special Summoned: You can add up to 2 Spells/Traps with different names from each other that mention ""Dark Time Wizard"" from your Deck to your hand, then discard 1 card.",Special Summon,Add to hand,,,,,,,,,,,,,,
101306003,Jinzo - Energy Shocker,"This card's name becomes ""Jinzo"" while in the field or GY. If this card is Normal or Special Summoned: You can destroy as many Traps your opponent controls as possible (if a card is Set, reveal it), then this card gains 300 ATK for each card destroyed this way. You can only use this effect of ""Jinzo - Energy Shocker"" once per turn. Your opponent cannot activate Trap Cards or effects while you have another monster in your field or GY that mentions ""Dark Time Wizard"".",Destroy,,,,,,,,,,,,,,,
101306004,Fisherman of Legend,"If your opponent activates a monster effect on the field (except during the Damage Step), or when their monster declares an attack, and ""Umi"" or a card that mentions ""Dark Time Wizard"" other than ""Fisherman of Legend"" is on the field: You can Special Summon this card from your hand. If this card is Special Summoned: You can target 1 monster your opponent controls; destroy it, also return this card from the field to the hand during the End Phase of this turn. You can only use each effect of ""Fisherman of Legend"" once per turn.",Special Summon,Destroy,,,,,,,,,,,,,,
101306005,Shining Umbral Horror,"If you Normal or Special Summon an ""Umbral Horror"" monster(s) and/or a ""Masquerade"" Xyz Monster(s) (except during the Damage Step): You can Special Summon this card from your hand, and if you do, draw 1 card, then if you drew an ""Umbral Horror"" monster, you can Special Summon it. Can be treated as 2 materials for the Xyz Summon of a ""Number"" Xyz Monster that requires 3 or more materials. You can only use each effect of ""Shining Umbral Horror"" once per turn.",Special Summon,Special Summon?,,,,,,,,,,,,,,
101306006,V Umbral Horror,"If this card is Normal or Special Summoned: You can add 1 ""Umbral Horror"" monster from your Deck to your hand, except ""V Umbral Horror"". You can banish this card from your GY, then target 1 ""Masquerade"" Xyz Monster you control; Special Summon from your Extra Deck, 1 ""Number"" monster that is 1 Rank higher than that monster you control, by using it as material (this is treated as an Xyz Summon, transfer its materials). You can only use each effect of ""V Umbral Horror"" once per turn.",Add to hand,Xyz Summon,,,,,,,,,,,,,,
101306007,Gorgonic Umbral Horror,"You cannot Special Summon from the Extra Deck, except ""Number"" Xyz Monsters. You can only use each of the following effects of ""Gorgonic Umbral Horror"" once per turn. If you control no monsters, or all monsters you control are ""Umbral Horror"" monsters: You can Special Summon this card from your hand, and if you do, add 1 non-Rock ""Umbral Horror"" monster from your Deck to your hand. Can be treated as 2 materials for the Xyz Summon of a ""Number"" Xyz Monster that requires 3 or more materials.",Special Summon,,,,,,,,,,,,,,,
101306008,Thousand Umbral Horror,"(Quick Effect): You can send this card from your hand or field to the GY; place 1 ""Seventh Barian's"" from your hand or Deck face-up in your Field Zone, also you cannot Special Summon from the Extra Deck until the end of your next turn, except Xyz Monsters. If an Xyz Monster(s) is Special Summoned while this card is in your GY (except during the Damage Step): You can Special Summon this card, also you take no effect damage from your card effects for the rest of this turn. You can only use each effect of ""Thousand Umbral Horror"" once per turn.",Place in the Field Zone,Special Summon,The effect of {CARD} is currently being applied.,,,,,,,,,,,,,
101306009,Akasuna the Battle Ashtra,"You can Special Summon this card (from your hand) by revealing 1 face-down card you control and returning it to the hand/Extra Deck. You can only Special Summon ""Akasuna the Battle Ashtra"" once per turn this way. You can only use each of the following effects of ""Akasuna the Battle Ashtra"" once per turn. During the Main Phase (Quick Effect): You can send 1 Trap from your hand or face-down field to the GY; change all face-up monsters your opponent controls to face-down Defense Position. During your End Phase: You can Set 1 ""Ashtra"" Trap from your Deck.",,Change to face-down position,Set,,,,,,,,,,,,,
101306010,Kuzuha the Bewitching Deity Ashtra,"You can Special Summon this card (from your hand) by revealing 1 face-down card you control and returning it to the hand/Extra Deck. You can only Special Summon ""Kuzuha the Bewitching Deity Ashtra"" once per turn this way. You can only use each of the following effects of ""Kuzuha the Bewitching Deity Ashtra"" once per turn. You can target up to 1 card on the field for every 2 face-down cards on the field; destroy them. During your End Phase: You can target 1 ""Ashtra"" Trap in your GY; Set it.",,Destroy,Set,,,,,,,,,,,,,
101306011,Yoa the Plague Deity Ashtra,"You can Special Summon this card (from your hand) by revealing 1 face-down card you control and returning it to the hand/Extra Deck. You can only Special Summon ""Yoa the Plague Deity Ashtra"" once per turn this way. You can only use each of the following effects of ""Yoa the Plague Deity Ashtra"" once per turn. During your Main Phase: You can Set 1 ""Ashtra"" Spell/Trap from your Deck. During your opponent's turn (Quick Effect): You can target 1 face-up monster on the field; increase or decrease its Level by 1.",,Set,Change Level,Increase Level,Decrease Level,,,,,,,,,,,
101306012,Mikumari the Sealing Deity Ashtra,"You can Special Summon this card (from your hand) by revealing 1 face-down card you control and returning it to the hand/Extra Deck. You can only Special Summon ""Mikumari the Sealing Deity Ashtra"" once per turn this way. You can only use each of the following effects of ""Mikumari the Sealing Deity Ashtra"" once per turn. During your Main Phase: You can add 1 non-Wyrm ""Ashtra"" monster from your Deck to your hand. If this card is sent to the GY as Synchro Material for an ""Ashtra"" monster: You can target 1 Normal Trap in your GY; Set it.",,Add to hand,Set,,,,,,,,,,,,,
101306013,Leviathan of Atlantis - Daedalus,"This card's name becomes ""Umi"" while in the Monster Zone. You can only use each of the following effects of ""Leviathan of Atlantis - Daedalus"" once per turn. If you control ""Atlantis, City of the Sea Dragon"" or ""Umi"": You can Special Summon this card from your hand. You can send up to 3 face-up ""Umi"" you control to the GY; add that many cards that mention ""Atlantis, City of the Sea Dragon"" from your Deck to your hand, except Level 7 monsters, then you can send 1 card on the field to the GY.",Special Summon,Search effect,Send the selected card to the GY?,,,,,,,,,,,,,
101306014,General of Atlantis,"This card's name becomes ""Umi"" while in the Monster Zone. You can only use each of the following effects of ""General of Atlantis"" once per turn. You can discard this card; add 1 Spell/Trap that mentions ""Atlantis, City of the Sea Dragon"" from your Deck to your hand. If this card is in your GY and you control ""Umi"": You can Special Summon this card.",Search effect,Special Summon,,,,,,,,,,,,,,
101306015,Monstrous Arms of Atlantis,"This card's name becomes ""Umi"" while in the Monster Zone. You can only use each of the following effects of ""Monstrous Arms of Atlantis"" once per turn. If this card is Normal or Special Summoned: You can target 1 monster in your GY that mentions ""Atlantis, City of the Sea Dragon""; Special Summon it in Defense Position. When your opponent activates a monster effect (Quick Effect): You can banish this card from your field or GY and send 1 face-up ""Umi"" you control to the GY; negate that effect.",Special Summon,Negate the effect,,,,,,,,,,,,,,
101306016,Fiendish Vortex of Atlantis,"This card's name becomes ""Umi"" while in the Monster Zone. You can only use each of the following effects of ""Fiendish Vortex of Atlantis"" once per turn. If this card is Normal or Special Summoned: You can send 1 card that mentions ""Atlantis, City of the Sea Dragon"" from your Deck to the GY, except ""Fiendish Vortex of Atlantis"". If this card is sent to the GY and you control ""Umi"": You can Special Summon 1 WATER monster from your hand.",Send to the GY,Special Summon,,,,,,,,,,,,,,
101306017,Theorealize Medius,"(This card is always treated as a ""Power Patron"" card.)
If a ""Power Patron"" card is on the field: You can Special Summon this card from your hand, then you can add 1 ""Theorealize"" Spell/Trap from your Deck to your hand. If a monster(s) is banished face-up: You can activate 1 of these effects;
● Add 1 ""Ars Magna"" card from your Deck to your hand.
● Banish this card, and if you do, Special Summon 1 ""Diactorus"" monster from your Extra Deck.
You can only use each effect of ""Theorealize Medius"" once per turn.",Special Summon,Choose an effect,Add to hand?,Search effect,Special Summon,,,,,,,,,,,
101306018,Ars Magna of Infinity and Finity,"You can banish this card from your hand; add 1 non-Warrior ""Ars Magna"" monster from your Deck to your hand, also the original ATK of ""Power Patron"" Link Monsters you control become tripled for the rest of this turn. If a Fusion and/or Link Monster(s) is Special Summoned while this card is banished (except during the Damage Step): You can Special Summon this card. If you control a ""Power Patron"" Link Monster: You can target 1 monster on the field; banish it. You can only use each effect of ""Ars Magna of Infinity and Finity"" once per turn.",Search effect,Special Summon,Banish effect,,,,,,,,,,,,,
101306019,Ars Magna of Purification and Corruption,"You can banish this card from your hand; add 1 ""Ars Magna"" Spell/Trap from your Deck to your hand, also until the end of the next turn, the first 3 times each of your ""Power Patron"" Link Monsters would be destroyed by battle each turn, it is not destroyed. If an Xyz and/or Link Monster(s) is Special Summoned while this card is banished (except during the Damage Step): You can Special Summon this card. You can target Spells/Traps on the field up to the number of ""Power Patron"" Link Monsters you control; banish them. You can only use each effect of ""Ars Magna of Purification and Corruption"" once per turn.",Search effect,Special Summon,Banish effect,The effect of {CARD} is currently being applied.,,,,,,,,,,,,
101306020,Ars Magna of Unification and Separation,"You can banish this card from your hand; Special Summon 1 non-Spellcaster ""Ars Magna"" monster from your GY or banishment, also your ""Power Patron"" Link Monsters can make up to 3 attacks on monsters during each Battle Phase this turn. If a Synchro and/or Link Monster(s) is Special Summoned while this card is banished (except during the Damage Step): You can Special Summon this card. You can banish 1 ""Ars Magna"" card from your GY; draw 1 card. You can only use each effect of ""Ars Magna of Unification and Separation"" once per turn.",Special Summon,Special Summon,Draw,,,,,,,,,,,,,
101306021,Destiny HERO - Destro-Dogma,"Cannot be Normal Summoned/Set. Must be Special Summoned (from your hand or GY) by banishing 3 Warrior and/or DARK monsters from your GY. You can only Special Summon ""Destiny HERO - Destro-Dogma"" once per turn this way. If Summoned this way: You can activate this effect; inflict 2000 damage to your opponent during the next Standby Phase. Once per turn, when your opponent activates a card or effect (Quick Effect): You can Fusion Summon 1 DARK or Warrior Fusion Monster from your Extra Deck, by shuffling its materials from your hand, field, and/or GY into the Deck.",,Inflict damage,Fusion Summon,,,,,,,,,,,,,
101306022,Destiny HERO - Doom Overlord,"If this card is Normal or Special Summoned: You can target 1 monster your opponent controls; banish it until the next Standby Phase. You can send 1 ""Destiny HERO"" monster from your Deck to the GY; add 1 ""Clock Tower Prison"" or ""Dark City at Midnight"" from your Deck or GY to your hand, also you cannot Special Summon for the rest of this turn, except DARK ""HERO"" monsters. You can only use each effect of ""Destiny HERO - Doom Overlord"" once per turn.",Banish,Add to hand,Banish until the next Standby Phase,,,,,,,,,,,,,
101306023,Destiny HERO - Dreadnought Servant,"If you control a ""Destiny HERO"" monster or a face-up Field Spell: You can Special Summon this card from your hand, then you can destroy 1 card you control, and if you do, add 1 ""Polymerization"" from your Deck to your hand. If you Special Summon a Level 8 ""Destiny HERO"" monster(s) (except during the Damage Step): You can banish this card from your GY, then target 1 card your opponent controls; place it on top of the Deck. You can only use each effect of ""Destiny HERO - Dreadnought Servant"" once per turn.",Special Summon,Return to the Deck,Destroy and add to hand?,,,,,,,,,,,,,
101306024,Adamancipator Conductor,"If this card is in your hand: You can place 1 other ""Adamancipator"" card from your hand on top of the Deck; Special Summon this card. During your Main Phase: You can excavate the top 5 cards of your Deck, and if you do, you can Special Summon 1 excavated Level 4 or lower Rock monster, also place the rest on the bottom of the Deck in any order. You can only use each effect of ""Adamancipator Conductor"" once per turn.",Special Summon,Excavate the Deck,Special Summon the monster?,,,,,,,,,,,,,
101306025,Adamancipator Crystal - Tiamite,"If this card is Special Summoned by an ""Adamancipator"" card's effect: You can add 1 ""Adamancipator"" card from your Deck to your hand, except ""Adamancipator Crystal - Tiamite"", then you can Special Summon 1 Rock monster from your hand. If this card is in your GY: You can target 1 Rock Synchro Monster in your field or GY; return it to the Extra Deck, and if you do, place this card on top of the Deck. You can only use each effect of ""Adamancipator Crystal - Tiamite"" once per turn.",Search effect,Return to the Deck,Special Summon?,,,,,,,,,,,,,
101306026,Black Skull Dragon the Archfiend Dragon of Unity,"Cannot be Normal Summoned/Set. Must be Special Summoned by its own effect. (Quick Effect): You can discard 1 Quick-Play or Ritual Spell; Special Summon this card from your hand in Defense Position. You can only use this effect of ""Black Skull Dragon the Archfiend Dragon of Unity"" once per turn. If this card is Special Summoned: You can Set 1 Spell/Trap that mentions ""Light and Darkness Ritual"" from your Deck or GY. At the start of the Battle Phase: You can make your opponent lose 800 LP, and if you do, this card gains 800 ATK.",Special Summon,Set,Make your opponent lose LP and increase ATK,,,,,,,,,,,,,
101306027,The World's Greatest Gallant Thief,"If you control no monsters, you can Tribute Summon this card face-up by Tributing monsters from your hand and/or your opponent's field. You can only use each of the following effects of ""The World's Greatest Gallant Thief"" once per turn. When your opponent activates a card effect in the hand, GY, or banishment, while you control this Normal Summoned/Set card (Quick Effect): You can negate that effect, and if you do, destroy that card. During the Battle Phase (Quick Effect): You can reveal your entire hand; change all monsters your opponent controls to Defense Position.",Tribute Summon by Tributing monsters from your hand and your opponent's field,Negate the effect,Battle position,,,,,,,,,,,,,
101306028,Elemental Saga Doriado,"Neither player can activate cards or effects in response to the activation of this card's effects. If you have 3 or more different Attributes in your GY and this card is in your hand: You can target 1 monster in your GY; Special Summon both it and this card. If you have 3 or more different Attributes in your GY: You can Special Summon 1 monster from your Deck with a different Attribute from the monsters in your field and GY. You can only use each effect of ""Elemental Saga Doriado"" once per turn.",Special Summon,Special Summon from the Deck,,,,,,,,,,,,,,
101306029,Coralianektes the Shimmering Shining Dragon,"If this card is added to your hand, except by drawing it: You can reveal this card and 1 other WATER monster in your hand; Special Summon both, also you cannot Special Summon for the rest of this turn, except WATER monsters. You can only use this effect of ""Coralianektes the Shimmering Shining Dragon"" once per turn. While you control ""Umi"", your opponent cannot target WATER Link Monsters you control with card effects.",Special Summon,,,,,,,,,,,,,,,
101306030,Hublot the Dark Directory of Death,"You can Normal Summon this card without Tributing. You can only use each of the following effects of ""Hublot the Dark Directory of Death"" once per turn. If this card is Normal or Special Summoned: You can send 1 Level 6 or higher Zombie monster from your Deck to the GY, except ""Hublot the Dark Directory of Death"", then you can add 1 Level 6 or higher Zombie monster from your GY to your hand. If a monster(s) is Special Summoned from the GY while this card is in the Monster Zone, you can (except during the Damage Step): Immediately after this effect resolves, Xyz Summon 1 Zombie Xyz Monster.",Normal Summon without Tributing,Send to the GY,Xyz Summon,Add to hand?,,,,,,,,,,,,
101306031,Misstic Call,"If this card is in your hand or GY: You can discard 1 other Spellcaster monster or 1 Spell/Trap; Special Summon this card, but banish it when it leaves the field. If this card is Normal or Special Summoned: You can banish 1 Level 4 Spellcaster monster from your Deck, and if you do, during the End Phase of this turn, add it to your hand or Special Summon it. You can only use each effect of ""Misstic Call"" once per turn.",Special Summon,Banish effect,"Banish by the effect of ""Misstic Call""",,,,,,,,,,,,,
101306032,Father Grizzly,"When this card is destroyed by battle and sent to the GY: You can Special Summon 1 Level 4 monster with 1400 ATK from your Deck, or if you have 2 or more Level 4 monsters with 1400 ATK in your GY, you can Special Summon 1 Normal Monster instead. When your opponent activates a monster effect and you control a face-up non-Effect Monster (Quick Effect): You can banish this card from your GY; negate the activation, and if you do, destroy that monster. You can only use this effect of ""Father Grizzly"" once per turn.",Special Summon,Negate the activation,,,,,,,,,,,,,,
101306033,Garbage Golem,"If you control a monster with 0 ATK or DEF: You can Special Summon this card from your hand. You can reveal 3 Xyz Monsters with different Ranks in your Extra Deck, then target 1 other card on the field; destroy both it and this card. You can banish this card from your GY; detach 1 material from a monster you control, then you can Special Summon 1 monster with 0 ATK or DEF from your hand or GY. You can only use each effect of ""Garbage Golem"" once per turn.",Special Summon,Destruction effect,Detach Xyz material,Special Summon?,,,,,,,,,,,,
101306034,Cartoon Shade,"Cannot be Normal Summoned/Set. Must be Special Summoned (from your hand) while a face-up monster that cannot be Normal Summoned/Set is on the field. You can only Special Summon ""Cartoon Shade"" once per turn this way. If this card is Special Summoned: You can add 1 monster with 2000 ATK or DEF that cannot be Normal Summoned/Set from your Deck to your hand. If this card on the field is Tributed: You can target 1 card on the field, or you can target 2 if you control a monster with 2000 ATK or DEF; return that card(s) to the hand.",Search effect,Return to the hand,,,,,,,,,,,,,,
101306035,Myriaday Dragon,"Once per turn, during the End Phase: You can pay 100 LP; place 1 Myriad Counter on this card. Once per turn, during your Main Phase: You can place 1 Myriad Counter on this card for every 1000 points difference between your LP and your opponent's. Gains 10,000 ATK/DEF while it has 10 or more Myriad Counters. If this card would be destroyed by battle or card effect, remove 1 Myriad Counter from it instead.",Place a counter,Place a counter,,,,,,,,,,,,,,
101306036,Red-Eyes Black Dragon Exceed,"""Red-Eyes Black Dragon"" + 1 monster that mentions ""Dark Time Wizard""
Must be either Fusion Summoned, or Special Summoned (from your Extra Deck) by Tributing 1 face-up monster on either field during the turn a monster(s) was destroyed by the effect of ""Dark Time Wizard"". You can only Special Summon ""Red-Eyes Black Dragon Exceed"" once per turn this way, no matter which method you use. If this card is Special Summoned: You can Special Summon 1 Level 8 or lower monster from your hand or GY. Unaffected by your opponent's activated monster and Spell effects.",Special Summon,,,,,,,,,,,,,,,
101306037,Destiny HERO - Dreadnought Master,"2 Level 5 or higher ""Destiny HERO"" monsters
Must be either Fusion Summoned, or Special Summoned (from your Extra Deck) by Tributing 1 ""Destiny HERO - Dreadmaster"". You can only Special Summon ""Destiny HERO - Dreadnought Master"" once per turn this way, no matter which method you use. If this card is Special Summoned: You can add 2 ""Destiny HERO"" monsters and/or cards that mention a ""Destiny HERO"" monster's card name from your Deck to your hand. This card's ATK becomes the total original ATK of all other ""Destiny HERO"" monsters in your field and GY.",Add to hand,,,,,,,,,,,,,,,
101306038,Invoked Dee Anima,"1 ""Aleister"" monster + 1 monster Special Summoned from the Extra Deck
If this card is Special Summoned: You can activate 1 of these effects;
● Destroy all monsters your opponent controls that were Special Summoned from the Extra Deck.
● Destroy all Spells/Traps your opponent controls.
When your opponent activates a card effect in the GY (Quick Effect): You can banish this card; Special Summon 1 ""Aleister"" monster from your Deck, and if you do, negate that effect. You can only use each effect of ""Invoked Dee Anima"" once per turn.",Choose an effect,Special Summon and negate the effect,Destroy a monster,Destroy Spell/Trap,,,,,,,,,,,,
101306039,Ashtraja Susanoo,"1 Tuner + 1+ non-Tuners
If this card is Synchro Summoned: You can banish any number of Traps from your GY; banish that many cards on the field. During the End Phase: You can target up to 2 ""Ashtra"" monsters and/or ""Ashtra"" Traps in your GY and/or banishment; for each of them, add it to your hand or Set it, then if you targeted 2 cards, return this card to the Extra Deck. You can only use each effect of ""Ashtraja Susanoo"" once per turn.",Destroy,Recycle,,,,,,,,,,,,,,
101306040,Ashtraya Mikumari-no-Mikoto,"1 Tuner + 1+ non-Tuners
If this card is Special Summoned: You can send 1 ""Ashtra"" card from your Deck to the GY, and if you do, send 1 card on the field to the GY. You can only use this effect of ""Ashtraya Mikumari-no-Mikoto"" once per turn. If your opponent activates a monster effect (except during the Damage Step): You can target 1 ""Ashtra"" Trap in your GY or banishment, or if there are 3 or more face-down cards on the field, you can target 1 Trap in your GY instead; Set it.",Send to the GY,Set,,,,,,,,,,,,,,
101306041,Adamancipator Risen - Tiamite,"1 Tuner + 1+ non-Tuners
If you have a DARK monster in your GY: You can add 1 ""Adamancipator"" Spell/Trap from your Deck to your hand. When your opponent activates a monster effect on the field (Quick Effect): You can excavate the top 5 cards of your Deck, and if you do, you can return cards your opponent controls to the hand, up to the number of excavated Rock monsters, also place the excavated cards on the bottom of the Deck in any order. You can only use each effect of ""Adamancipator Risen - Tiamite"" once per turn.",Search effect,Return to the hand,Return a card to the hand?,,,,,,,,,,,,,
101306042,Number 104: Masquerade Vain,"3 Level 4 monsters
Once per turn: You can detach 1 material from this card; add 1 ""Barian's"" Spell/Trap from your Deck to your hand. A monster that was Xyz Summoned using this card on the field as material gains this effect.
● If it is Xyz Summoned: Activate this effect; your opponent can banish 4 monsters with different Attributes and 1 Spell from their Deck. If they do not, you banish the top 10 cards of their Deck.
You can only use this effect of ""Number 104: Masquerade Vain"" once per turn.",Add to hand,Banish,Banish effect ({CARD}),Banish 4 monsters and 1 Spell Card?,,,,,,,,,,,,
101306043,Number C104: Umbral Horror Masquerade Victory,"4 Level 5 monsters
Once per turn (Quick Effect): You can detach 1 material from this card, then target 1 card your opponent controls; destroy it. If this card battles an opponent's monster, during damage calculation: This card's ATK/DEF become that opponent's monster's ATK or DEF (whichever is higher) +100 during damage calculation only. If this card destroys a monster by battle: Send 1 random card from your opponent's hand to the GY, and if you do, halve your opponent's LP.",Destroy,Change ATK/DEF,Send a card from your hand to the GY,,,,,,,,,,,,,
101306044,CXyz Chaos Barian Hope Dragon,"3+ Level 7 monsters
You can also Xyz Summon this card by using 1 ""Number C"" monster you control with a number between ""101"" and ""107"" in its name (transfer its materials). Gains 1000 ATK for each material attached to it. While this card has a ""Number C"" monster as material, your opponent cannot add cards from the Deck to the hand, except by drawing them. Once per turn: You can detach 1 material from this card; attach the top 2 cards of your opponent's Deck to this card.",Xyz Summon by overlaying on a monster you control?,Attach Xyz material,,,,,,,,,,,,,,
101306045,Swickelavee the Brilliantly Crowned Heavy Cavalry,"2 Level 3 monsters
Once per turn, you can also Xyz Summon ""Swickelavee the Brilliantly Crowned Heavy Cavalry"" by using 1 Beast monster you control with 2000 or less ATK (transfer its materials). Cannot be used as material for an Xyz Summon. If this card destroys a monster by battle: Place 1 Crown Counter on it, then apply this effect based on the number of Crown Counters on it.
● 1: This card gains 400 ATK.
● 2: This card gains 600 ATK.
● 3: Return this card to the Extra Deck, and if you do, draw 3 cards.",Xyz Summon by using a Beast monster as material?,Place a counter,,,,,,,,,,,,,,
101306046,Azure Ocean Dragon Lord - Neo-Daedalus Rage,"4 monsters
If this card is Link Summoned: You can Special Summon up to 3 monsters that mention ""Atlantis, City of the Sea Dragon"" from your GY to your zones this card points to, also you cannot Special Summon for the rest of this turn. This card's name becomes ""Umi"" while in the Monster Zone. Once per turn (Quick Effect): You can send 1 face-up ""Umi"" you control to the GY; send all cards on the field to the GY, except ""Umi"".",Apply as a Link-3 for a Link Summon (Azure Ocean Dragon Lord - Neo-Daedalus Rage),Special Summon,Send to the GY,,,,,,,,,,,,,
101306047,Levia-Dragoon - Daedalus,"3 WATER monsters
This card's name becomes ""Umi"" while in the Monster Zone. You can only use each of the following effects of ""Levia-Dragoon - Daedalus"" once per turn. If this card is Link Summoned: You can Special Summon 1 monster that mentions ""Atlantis, City of the Sea Dragon"" from your Deck. During the Main Phase (Quick Effect): You can send 1 face-up ""Umi"" you control to the GY; discard your opponent's entire hand, and if you do, they draw the same number of cards. Neither player can activate cards or effects in response to this effect's activation.",Apply as a Link-2 for a Link Summon (Levia-Dragoon - Daedalus),Special Summon,Your opponent discards and draws,,,,,,,,,,,,,
101306048,Medicurius the Power Patron of Illusions,"2+ monsters, including a Fusion, Synchro, Xyz, or Link Monster
Gains these effects based on the number of monsters it points to.
● 1+: Once per turn: You can negate the effects of all face-up monsters your opponent currently controls, also until the end of this turn, their ATK's become halved.
● 2+: Unaffected by your opponent's activated effects.
● 3: Once per opponent's turn (Quick Effect): You can banish this card, also banish all cards your opponent controls.",Negate the effect,Banish effect,,,,,,,,,,,,,,
101306049,Adamancipator Luminous,"2 Effect Monsters, including a Synchro Monster
If this card is Link Summoned, or a monster(s) is Special Summoned to a zone(s) this card points to: You can target 1 monster in your field or GY that has a Level; Special Summon 1 ""Glimmer Token"" (Rock/LIGHT/ATK 0/DEF 0) with the same Level. When another monster on the field activates its effect (Quick Effect): You can place it on top of the Deck. You can only use each effect of ""Adamancipator Luminous"" once per turn.",Special Summon,Return to the Deck,,,,,,,,,,,,,,
101306050,Helping Robo for Underwater Combat,"2 Machine monsters
If this card is Link Summoned: You can target 1 monster your opponent controls; destroy it, also this card, then you can Special Summon 1 non-WATER Machine monster with 1600 or less ATK from your GY. If this card is banished: You can add 1 Machine monster whose ATK equals its own DEF from your Deck to your hand. You can only use each effect of ""Helping Robo for Underwater Combat"" once per turn, also you cannot Special Summon the turn you activate either of this card's effects, except Machine monsters.",Destruction effect,Search effect,Special Summon?,,,,,,,,,,,,,
101306051,Destratification Dino Stratiae,"2 monsters, including a Dinosaur monster
If this card is Link Summoned: You can make this card gain ATK equal to half the total original ATK of the Dinosaur monsters used as its material. During your Main Phase: You can Fusion Summon 1 Dinosaur Fusion Monster from your Extra Deck, by banishing its materials from your field and/or GY, also you cannot Special Summon from the Extra Deck for the rest of this turn, except Dinosaur monsters. You can only use this effect of ""Destratification Dino Stratiae"" once per turn.",Increase ATK,Fusion Summon,,,,,,,,,,,,,,
101306052,Dark Time Wizard,"Activate 1 of these effects (but you can only use each effect of ""Dark Time Wizard"" once per turn);
● Add 1 card that mentions ""Dark Time Wizard"" from your Deck to your hand, except ""Dark Time Wizard"", also during the End Phase of this turn, add 1 ""Dark Time Wizard"" from your GY to your hand.
● Toss a coin and call it. If you call it right, destroy as many monsters your opponent controls as possible, and if you do, inflict damage to your opponent equal to half the combined original ATK of those destroyed monsters. If you call it wrong, destroy all monsters you control.",Activate,Add to hand,Toss a coin,,,,,,,,,,,,,
101306053,Graceful & Skull Dice,"Roll a six-sided die twice and apply these effects for the rest of this turn.
● Monsters you control that mention ""Dark Time Wizard"" gain ATK/DEF equal to the total x 200.
● Monsters your opponent controls lose ATK/DEF equal to the total x 200.
If your opponent Normal or Special Summons a monster(s) while this card is in your GY (except during the Damage Step): You can banish this card, then target 1 of those monsters; roll a six-sided die twice, and if the total is 6 or more, destroy that monster.",Activate,Roll a die,,,,,,,,,,,,,,
101306054,Sleepy Scapegoats,"Special Summon up to 4 ""Scapegoat Tokens"" (Beast/EARTH/Level 1/ATK 0/DEF 0) in Defense Position, then if your opponent controls a monster, you can Special Summon 1 ""Swiftwind Panther Warrior"" from your Deck, also for the rest of this turn, these Tokens cannot be Tributed for a Tribute Summon, also you cannot Special Summon from the Extra Deck, except Fusion Monsters. If a card(s) you control that mentions ""Dark Time Wizard"" would be destroyed by battle or card effect, you can destroy 1 Token you control that was Special Summoned by this effect instead.",Activate,Select the number of Special Summons,Special Summon {CARD}?,,,,,,,,,,,,,
101306055,Seventh Barian's,"Each player can only Special Summon non-""Number"" monsters from the Extra Deck twice per turn while this card is face-up on the field. You can only use each of the following effects of ""Seventh Barian's"" once per turn. During your Main Phase: You can add 1 ""Umbral Horror"" monster from your Deck to your hand, then discard 1 card. During the End Phase: Each player takes 400 damage for each Xyz Monster on the field.",,Add to hand,Take damage,,,,,,,,,,,,,
101306056,Barian's Hope,"Special Summon 1 ""Umbral Horror"" monster or ""Masquerade"" Xyz Monster from your hand or GY, then you can make the Levels of all ""Umbral Horror"" monsters you control become the Level of 1 ""Umbral Horror"" monster in your field or GY. You can banish this card from your GY, then target 1 Xyz Monster you control; attach 1 ""Number"" Xyz Monster from your Extra Deck or GY to it. You can only use each effect of ""Barian's Hope"" once per turn.",Activate,As material,Change Level?,,,,,,,,,,,,,
101306057,Ashtrashen - Gateway to the Worlds Beyond,"You can target any number of face-down cards you control; add ""Ashtra"" cards from your Deck to your hand with different names from each other, except Field Spells, equal to the number of those targeted cards that are still face-down, then send those face-down cards to the GY. If a card(s) becomes Set on the field, while you control an ""Ashtra"" monster and a face-down card (except during the Damage Step): You can target 1 card on the field; return it to the hand. You can only use each effect of ""Ashtrashen - Gateway to the Worlds Beyond"" once per turn.",Add to hand,Return to the hand,,,,,,,,,,,,,,
101306058,"Atlantis, City of the Sea Dragon","While a monster that mentions ""Atlantis, City of the Sea Dragon"" is on the field, reduce the Levels of all monsters in both players' hands and fields by 1. If you Link Summon a ""Daedalus"" monster, you can reduce the material requirement listed on it by 1 and Link Summon it with 1 less material. If this card is in your GY and you control ""Umi"": You can place this card face-up on your field. You can only use this effect of ""Atlantis, City of the Sea Dragon"" once per turn.",,Place,,,,,,,,,,,,,,
101306059,Atlantis Call,"Add 1 monster that mentions ""Atlantis, City of the Sea Dragon"" from your Deck to your hand, then if you control ""Atlantis, City of the Sea Dragon"", you can negate the effects of 1 Effect Monster your opponent controls until the end of this turn. If you control ""Umi"": You can banish this card from your GY; all WATER monsters you currently control gain 500 ATK/DEF. You can only use each effect of ""Atlantis Call"" once per turn.",Search effect,Increase ATK/DEF,Negate a monster?,,,,,,,,,,,,,
101306060,Advent of Atlantis,"This card's name becomes ""Umi"" while in the Spell & Trap Zone. You can only use each of the following effects of ""Advent of Atlantis"" once per turn. During your Main Phase: You can place 1 ""Atlantis, City of the Sea Dragon"" or ""Umi"" from your Deck face-up in your Field Zone. If this card is sent to the GY: You can add 1 Level 7 Sea Serpent monster from your Deck to your hand.",Placement effect,Search effect,,,,,,,,,,,,,,
101306061,"Ars Magna - ""Citrinitas""","(This card is always treated as an ""Artmage"", ""DoomZ"", and ""Elfnote"" card.)
You can activate the effects of monsters you control with ""Ars Magna"" in their original names as Quick Effects while you control a ""Power Patron"" Link Monster. Once while face-up on the field: You can add 1 ""Medius"" or ""Ars Magna"" monster from your Deck to your hand. You can only use this effect of ""Ars Magna - ""Citrinitas"""" once per turn.",,Search effect,Effect already activated,,,,,,,,,,,,,
101306062,Dark City at Midnight,"Each time you Special Summon a Level 8 or higher ""Destiny HERO"" monster(s): All Warrior monsters you currently control gain 300 ATK. You can only use each of the following effects of ""Dark City at Midnight"" once per turn. During your Main Phase, if this card was activated this turn: You can add 1 ""Destiny HERO"" monster, or 1 card that mentions a ""Destiny HERO"" monster's card name, from your Deck to your hand. If this card is destroyed: You can Special Summon 1 ""Destiny HERO"" monster from your Deck (this is treated as a Special Summon with ""Clock Tower Prison"").",Add to hand,Increase ATK,Special Summon,,,,,,,,,,,,,
101306063,Adamancipator Mates,"Add 1 ""Adamancipator"" monster from your Deck to your hand. If this card is in your GY: You can place 1 card from your hand on top of the Deck; add this card to your hand. You can only use each effect of ""Adamancipator Mates"" once per turn.",Search effect,Return to the hand,,,,,,,,,,,,,,
101306064,Spell Shattering Sword,"Activate 1 of these effects;
● Destroy all face-up Spells your opponent controls.
● Target 1 face-up monster your opponent controls; show 1 ""Light and Darkness Ritual"" from your hand or GY, then change that monster's ATK to 0, also negate its effects.
 If this card in its owner's possession is destroyed by an opponent's card: You can destroy 1 card in your opponent's hand (at random) or field. You can only activate 1 ""Spell-Shattering Sword"" per turn.",Activate,Destroy all face-up Spell Cards your opponent controls,Make the targeted monster's ATK 0 and negate its effects,Destroy 1 card in your opponent's hand or field,Randomly select a card in your opponent's hand to destroy,Select 1 card your opponent controls to destroy,,,,,,,,,,
101306065,Shimmering Shatterer of the Sacred Beasts,"Activate 1 of these effects;
● When your opponent activates a card or effect in response to your ""Sacred Beast"" monster's effect activation: Negate that opponent's effect.
● Reveal 1 Level 10 ""Sacred Beast"" monster in your hand; discard 1 card, and if you do, add 1 ""Illusion Gate"" from your Deck to your hand.
● Shuffle 3 ""Sacred Beast"" Traps from your GY and/or banishment into the Deck, then target 1 card your opponent controls; destroy it.
You can only activate 1 ""Shimmering Shatterer of the Sacred Beasts"" per turn.",Activate,Negate the effect,Search effect,Destruction effect,,,,,,,,,,,,
101306066,Blitzclique - Overvoltage,"Target 1 face-up card on the field; destroy it, also for the rest of this turn, you cannot Special Summon Effect Monsters, except from the hand. If a card(s) is destroyed by your ""Blitzclique"" card's effect, while this card is in your GY (except during the Damage Step): You can add this card to your hand. You can only use this effect of ""Blitzclique - Overvoltage"" once per turn.",Activate,Recycle,,,,,,,,,,,,,,
101306067,"Invocation - ""Chalice""","If you have an ""Aleister"" monster in your field, GY, or banishment: Activate 1 of these effects;
● Fusion Summon 1 ""Invoked"" Fusion Monster from your Extra Deck, by banishing 1 monster from your hand or field and 1 monster from your Deck.
● Fusion Summon 1 ""Invoked"" Fusion Monster from your Extra Deck, by banishing 1 monster you control and 1 face-up monster your opponent controls.
You can only activate 1 ""Invocation - ""Chalice"""" per turn.",Activate,"Fusion Summon using your hand, field, and Deck",Fusion Summon using monsters on both fields,,,,,,,,,,,,,
101306068,Spatial Trunade,"Return up to 2 cards on the field to the hand, then each player places cards from their hand on the bottom of the Deck in any order equal to the number returned to their hand. You can only activate 1 ""Spatial Trunade"" per turn.",Activate,,,,,,,,,,,,,,,
101306069,Spell Power Attainment,"Add 1 card from your Deck or GY to your hand that mentions ""Spell Counter"" in its text, except ""Spell Power Attainment"", then if you control a Level 7 or higher ""Endymion"" Monster Card, you can remove any number of Spell Counters from your field, and if you do, negate the effects of that many face-up cards your opponent controls, and if you do that, destroy them. You can only activate 1 ""Spell Power Attainment"" per turn.",Activate,Remove counters?,Select the number of counters to remove,,,,,,,,,,,,,
101306070,Foolish Graverobber,"Send 1 card that mentions ""Dark Time Wizard"" from your Deck to the GY, except ""Foolish Graverobber"", then you can Special Summon 1 monster from either GY to your field. You can banish this card from your GY; Set to your field, 1 Spell/Trap that mentions ""Dark Time Wizard"" from your GY, except ""Foolish Graverobber"", or 1 Spell/Trap from your opponent's GY. You can only use each effect of ""Foolish Graverobber"" once per turn.",Send to the GY,Set,Special Summon?,,,,,,,,,,,,,
101306071,Reversal Box,"Once per turn, during the Standby Phase: Roll a six-sided die and place counters on this card up to the result (max. 6). When a monster effect is activated on your opponent's field, or once per battle, during damage calculation, if an opponent's monster attacks: You can remove 1 counter from this card, then target 1 of those monsters; toss a coin and call it. If you call it right, you can Special Summon 1 monster that mentions ""Dark Time Wizard"" from your Deck, and if you do, until the end of this turn, change the targeted monster's ATK to 0, also its effects are negated.",Place a counter,Toss a coin,Select the number of counters to place,,,,,,,,,,,,,
101306072,Barian's Seal,"When your opponent activates a Spell/Trap Card, or monster effect, while you control a ""CXyz"" monster or a ""Number C"" monster with a number between ""101"" and ""107"" in its name: Negate the activation, then you can attach 1 monster from either field or GY to 1 Xyz Monster you control. You can banish this card from your GY; Special Summon 2 ""Umbral Horror"" monsters from your GY. You can only use 1 ""Barian's Seal"" effect per turn, and only once that turn.",Negate,Special Summon,Attach Xyz Material?,Select 1 Xyz Monster,,,,,,,,,,,,
101306073,Ashtra Insect Poison,"Activate 1 of these effects;
● Special Summon this card as a Normal Monster (Insect/Tuner/DARK/Level 1/ATK 0/DEF 0) (this card is NOT treated as a Trap), then immediately after this effect resolves, you can Synchro Summon 1 Synchro Monster.
● Target 1 ""Ashtra"" monster in your GY; Special Summon it.
You can only activate 1 ""Ashtra Insect Poison"" per turn.",Activate,Special Summon as a monster,Special Summon a monster from the GY,Synchro Summon?,,,,,,,,,,,,
101306074,Ashtra Cursed Roar,"Activate 1 of these effects;
● Special Summon this card as a Normal Monster (Spellcaster/Tuner/DARK/Level 1/ATK 0/DEF 0) (this card is NOT treated as a Trap), then immediately after this effect resolves, you can Synchro Summon 1 Synchro Monster.
● If you have an ""Ashtra"" monster in your field or GY: Target 1 monster your opponent controls; destroy it.
You can only activate 1 ""Ashtra Cursed Roar"" per turn.",Activate,Special Summon as a monster,Destruction effect,Synchro Summon?,,,,,,,,,,,,
101306075,Ashtra Divine Domain,"Activate 1 of these effects;
● Special Summon this card as a Normal Monster (Aqua/Tuner/WATER/Level 1/ATK 0/DEF 0) (this card is NOT treated as a Trap), then immediately after this effect resolves, you can Synchro Summon 1 Synchro Monster.
● When your opponent activates a Spell/Trap Card or effect and they control no face-down cards: Negate that effect.
You can only activate 1 ""Ashtra Divine Domain"" per turn.",Activate,Special Summon as a monster,Negate the effect,Synchro Summon?,,,,,,,,,,,,
101306076,Daedalus Maelstrom,"When your opponent would Normal or Special Summon a monster(s) while you control ""Atlantis, City of the Sea Dragon"": Negate the Summon, and if you do, destroy that monster(s), then if you control a WATER Link Monster, you can destroy all non-WATER monsters on the field. You can banish this card from your GY and send 1 face-up ""Umi"" you control to the GY, then target 1 monster your opponent controls; send it to the GY. You can only use 1 ""Daedalus Maelstrom"" effect per turn, and only once that turn.",Negate the Summon,Send to the GY,Destroy that monster?,,,,,,,,,,,,,
101306077,"Ars Magna - ""Philosophirum""","Target up to 3 ""Ars Magna"" monsters in your field and/or GY; banish them, then you can negate the effects of up to that many other face-up cards on the field until the end of this turn. You can banish this card from your GY; return 1 ""Power Patron"" Link Monster from your GY into the Extra Deck, then you can Special Summon it. You can only use 1 ""Ars Magna - ""Philosophirum"""" effect per turn, and only once that turn.",Banish effect,Return to the Extra Deck,Negate the card's effects?,Special Summon?,,,,,,,,,,,,
101306078,Cursed Paper Retribution,"Target 1 monster you control and 1 face-up card your opponent controls; destroy your monster, and if you do, negate the effects of that opponent's card until the end of this turn. If this Set card is sent to the GY: You can target 1 face-up card your opponent controls; negate its effects. You can only use each effect of ""Cursed Paper Retribution"" once per turn.",Negate the effect,Negate the effect,,,,,,,,,,,,,,
101306079,Corpse-Seller Crow,"Send cards from the top of your Deck to the GY up to the number of Traps in the GYs with different names +1 (max. 4), then you can apply 1 of these effects.
● Special Summon 1 of the monsters sent to the GY.
● Set 1 of the Spells/Traps sent to the GY, except ""Corpse-Seller Crow"", and if you Set a Trap or Quick-Play Spell, it can be activated this turn.",Activate,Choose the number of cards to send to the GY,Special Summon,Set,No effect,"Activate by applying the effect of ""Corpse-Seller Crow"".",,,,,,,,,,
101306080,Bingo Card,"Choose 1 monster in a column with all zones occupied and destroy as many cards in that column as possible, then each player draws 1 card. You can banish this card from your GY, then activate 1 of these effects;
● Destroy 5 monsters in your Main Monster Zone or 5 cards in your Spell & Trap Zone, then draw 2 cards.
● Destroy 5 monsters in your opponent's Main Monster Zone or 5 cards in their Spell & Trap Zone, then they draw 2 cards.",Activate,GY effect,Destroy your own cards,Destroy an opponent's card,Main Monster Zone,Spell & Trap Zone,,,,,,,,,,
101306149,Glimmer Token,"Special Summoned by the effect of ""Adamancipator Luminous"".",,,,,,,,,,,,,,,,
101306154,Scapedgoat Tokens,"Special Summoned by the effect of ""Sleeping Scapegoats"". If a card you control that mentions ""Dark Time Wizard"" in its card text would be destroyed by battle or card effect, you can destroy this card instead.",,,,,,,,,,,,,,,,
101306254,Scapedgoat Tokens,"Special Summoned by the effect of ""Sleeping Scapegoats"". If a card you control that mentions ""Dark Time Wizard"" in its card text would be destroyed by battle or card effect, you can destroy this card instead.
",,,,,,,,,,,,,,,,
101306354,Scapedgoat Tokens,"Special Summoned by the effect of ""Sleeping Scapegoats"". If a card you control that mentions ""Dark Time Wizard"" in its card text would be destroyed by battle or card effect, you can destroy this card instead.
",,,,,,,,,,,,,,,,
101306454,Scapedgoat Tokens,"Special Summoned by the effect of ""Sleeping Scapegoats"". If a card you control that mentions ""Dark Time Wizard"" in its card text would be destroyed by battle or card effect, you can destroy this card instead.
",,,,,,,,,,,,,,,,
